{"episodes": [1, 2, 3, 4, 5, 6, 7], "scores": [36.0, 41.5, 45.0, 45.75, 44.2, 42.833333333333336, 47.142857142857146]}